{
  "model": "anthropic/claude-sonnet-4-6",
  "pass_rate": 0.6666666666666666,
  "with_skill": {
    "pass_rate": 1.0,
    "tokens": [
      356047.15,
      481710.85
    ],
    "duration_s": [
      140.13,
      260.24
    ]
  },
  "_note": "Regenerated by `uv run evals-regen-baseline`. Review the diff before committing.",
  "without_skill": {
    "pass_rate": 0.3333333333333333,
    "tokens": [
      355489.55,
      480956.45
    ],
    "duration_s": [
      208.07,
      386.42
    ]
  }
}
